{"Ron": [0.059962357727548585, 0.010988519929632254, 2.8956241419277924, 0.15857741458658484, 0.18611642667143577, 0.6046790912030815, 0.003925959192702521, 0.09931601076641677, -25.36809096020164, 1.5912686837069108, 0.4580069917233547, 0.23936304823835616, -0.06518833308213222, 0.26731787124301865, 0.04755214177192316, 0.2507935165845557, 0.07101960521221322, 0.13561036748759936, -0.09628573308693243, 0.11394534000547965, -0.020936898975551548, 0.008311688203079417, 0.0033049144347419256, 0.06769797334068071, 0.06131154430136669, 0.04256157888664579, 0.015341758949101284, 0.04008233877955829, 0.001843487814729359, 0.004812479377690115, 0.0077521765890877685, 0.01532997362447303, 0.006107481772603931, 0.03523169330865533], "Orit": [0.15986509734281412, 0.05876327462329191, 2.9251364987696986, 0.27751212369812456, 0.24735026288215134, 0.8745140305447905, 0.00775173965172785, 0.26075283768131197, -23.64330838072885, 2.058022292614635, 0.6837800179201965, -0.08911072782306075, -0.38939030610261277, 0.1957370878135299, -0.5111294641084728, -0.37417781540134565, -0.33469888399770087, -0.6758383221530797, -0.5651984820846038, -0.3368368089163222, -0.25287715178945136, 0.05268528496272688, 0.038172168845909404, 0.05628633774104482, 0.028109940435152303, 0.018790705068871046, 0.0038061799447335464, 0.0026924560282436806, 0.002014053236665747, 0.001765484002810386, 0.005066529047414201, 0.010023484091317213, 0.022996295416379823, 0.038982550956641465], "Ofir": [0.0961139012193673, 0.025825859593065707, 2.8641748004636414, 0.17481549722666712, 0.18582809470014944, 0.4988631589229454, 0.004506633027245169, 0.13930315300723467, -25.3360893957924, 3.099889295734203, 0.08068317187069234, 0.208105073441132, -0.39083808550494914, 0.20885420650066813, 0.25023668060775506, 0.27551750555329485, 0.004108433521109933, 0.1426789086618111, -0.05574119906306039, 0.17105243129052758, 0.06397852406957413, 0.053175061677090206, 0.0075176877351486645, 0.05497769690793634, 0.014574530962186912, 0.032726082462751355, 0.008821911677344894, 0.020909760800013034, 0.005225397456525769, 0.00819458332199765, 0.01600586455784107, 0.02925589792432152, 0.01338901697733666, 0.03350648049859819], "Avihu": [0.03849526600870492, 0.01851033388996663, 2.8048212948118154, 0.08522476045393401, 0.127795509118252, 0.2657416973189225, 0.0049553540272724485, 0.050970181265440485, -24.507725149716567, 2.568162232574439, 0.41003589370160276, 0.03560388683786041, -0.19450009458221199, 0.2580195961352053, 0.05201806518503166, 0.20971260276045095, -0.0036367739347728913, 0.04615321072512032, -0.11392939431183442, 0.10948113555239478, 0.027152495696590073, 0.02418131483362431, 0.009764360302856486, 0.057701660429269094, 0.03889928096544144, 0.042482721633397696, 0.02475076593023523, 0.027388846259082326, 0.0024696276364324157, 0.008760625041905216, 0.01640253131518918, 0.015398756804330038, 0.00920599263928409, 0.030982728988680864], "Tsach": [0.1569443914011144, 0.03247229878468714, 3.0159964122012632, 0.2444071552153262, 0.23465067140596818, 0.7717269985437442, 0.00493648611318798, 0.23046672540075064, -23.43490176302259, 2.4838675897308113, 0.31470754392126615, -0.6235258669394295, -0.5356109064344489, 0.20172182993941223, -0.303494607644969, -0.10465293621738381, -0.164038163318034, 0.0991183047554895, -0.027024031409053007, 0.08923829054102904, -0.16175384557428188, 0.011036758690410424, 0.013173187538950942, 0.02915464241247548, 0.019066533315316086, 0.021703398239096023, 0.02011606572054401, 0.012377624863446374, 0.008442258661996499, 0.014557069924642917, 0.01220966106372986, 0.005319913747898583, 0.008831640524073042, 0.02169558903481551], "Amit": [0.05654828744439684, 0.03136304857184749, 2.835809173669713, 0.12293704973143611, 0.16404579166853017, 0.43608877996594114, 0.004251637300816277, 0.08513071850813904, -23.273598207518106, 1.9736927742516333, 0.314843895878047, -0.19943957855522293, -0.543160497172436, -0.14428793821686683, -0.2716428733215483, 0.1602647862376922, -0.01981908827746484, 0.1369288225228698, -0.07484500266088047, -0.0986871543158792, -0.021902195589311734, 0.00859093407389936, 0.006278978439913298, 0.01704555585794386, 0.024106728947967872, 0.017486734404683513, 0.016369793227347232, 0.014421070818433707, 0.005101255217264187, 0.015889134317345725, 0.01193889443096965, 0.01605896114641698, 0.009855068058751361, 0.017554757405258158]}