{"Ron": [0.31129260392725366, 0.05909103548375145, 2.7476846481069006, 0.40236262659017996, 0.23478481998167502, 1.8706564345052568, 0.004753814556506951, 0.5183755955615049, -23.42458350745824, 0.4993788906701005, -0.4154582955784163, -0.44135143354769435, -0.29932272885072336, 0.22493853446478695, -0.11538063208014922, -0.029766661605910284, -0.06958339944952534, 0.056078481964657596, -0.03712357480551149, 0.05090140533268066, -0.03197273970770044, 0.007032132596201163, 0.0052142830674172915, 0.02895014566366114, 0.008581800073285198, 0.00703314299186154, 0.00792399998785892, 0.009493688431700996, 0.0067527315125143995, 0.005758324060652241, 0.007561952091690747, 0.0064624675690564135, 0.007015227161803289, 0.013798708480344165], "Avihu": [0.24368094149072517, 0.043636459918417914, 2.780376523804713, 0.3414784812942376, 0.23059205851342668, 1.9524949005534515, 0.004167585304190526, 0.4289804240324075, -22.81220067849215, 0.9990901129062665, -0.590468804281647, -0.054128600681202316, -0.26648720572906687, 0.02967744563206765, 0.07535691074144991, -0.03198504196719022, -0.13668614741190463, 0.13827131762862568, -0.15459862828336693, 0.050281760369361314, -0.04126068655395286, 0.007909191433224992, 0.006667308378688228, 0.02682385791985762, 0.01184189647316025, 0.012118711585555879, 0.012643204847973634, 0.011472706162587611, 0.0060124890794461105, 0.00847267484151401, 0.006719585127755666, 0.007714399783078106, 0.00686166263707103, 0.014481457312532343], "Ofir": [0.2053411001051919, 0.02900509372181993, 2.881886184311754, 0.28186258734614944, 0.21278545145482128, 1.4911373596807527, 0.005553871342014151, 0.32124786750109646, -24.204180001623353, 2.0380887124091873, -0.34124881892007053, 0.0864928061897043, -0.18113407580615348, 0.19705599910699842, 0.2189022526631561, -0.04797075402675957, -0.05766992985775533, 0.07910343586554702, -0.25048570122916664, 0.11212200836421675, -0.051742254375085756, 0.01896908081658395, 0.012818687482340642, 0.05546529455182397, 0.01940719902617399, 0.018819420858191722, 0.013772085953091434, 0.011001975841532041, 0.004762544509312513, 0.006872340558332473, 0.0086065536177437, 0.011333574510680698, 0.010602138057593379, 0.024843341434102103], "Amit": [0.17954744002509637, 0.046023676559578494, 2.8563791293714926, 0.2877437088073416, 0.22366280687248924, 1.3890855120761385, 0.006167001673051889, 0.3103142683282631, -24.8815467055967, 1.6485880787507816, -0.44613824134440344, -0.2522654649471468, -0.5150007773713843, 0.10544906899890684, 0.016918922282056437, -0.057833591161740035, -0.09311751667508533, 0.11847926399826528, -0.1351176756189667, 0.01511128603547806, -0.06996538839192533, 0.007420629306842717, 0.006376550366385298, 0.09572066893036539, 0.008124638366077004, 0.009489136570112468, 0.00734075005824453, 0.011548961917741664, 0.0078026916638792845, 0.007136724441827804, 0.007125844554370147, 0.010538573893963914, 0.006788483771186565, 0.032170370210269146]}